{
  "agent_id": 6,
  "input_dim": 4,
  "learning_rate": 0.1,
  "discount_factor": 0.99,
  "epsilon": 0.1,
  "q_table": {
    "C_C_M_M": {
      "0": 126.47405329166217,
      "1": 126.64531493668837
    },
    "C_C_H_M": {
      "0": 188.92177181143893,
      "1": 191.13819646999545
    },
    "D_C_H_M": {
      "0": 196.44256363581664,
      "1": 204.76128610298807
    },
    "C_D_H_M": {
      "0": 217.54240425206996,
      "1": 215.8071597269385
    },
    "D_D_H_M": {
      "0": 199.93406156457092,
      "1": 22.599809665455112
    },
    "C_D_M_M": {
      "0": 126.0809350410621,
      "1": 125.95465263926488
    },
    "D_C_M_M": {
      "0": 130.44215107497723,
      "1": 130.0091101492844
    },
    "D_D_M_M": {
      "0": 126.34505646880928,
      "1": 127.29716235935953
    },
    "C_D_L_M": {
      "0": 121.18157733046338,
      "1": 125.46264582775824
    },
    "D_D_L_M": {
      "0": 125.15859932147703,
      "1": 121.90762289731256
    },
    "D_C_L_M": {
      "0": 124.52785713315822,
      "1": 125.04820737122176
    },
    "C_C_L_M": {
      "0": 128.35324604003534,
      "1": 128.6910722488001
    }
  },
  "decision_matrix": {
    "cooperate": {
      "cooperate": 25413,
      "defect": 19142
    },
    "defect": {
      "cooperate": 18573,
      "defect": 36872
    }
  }
}