{
  "agent_id": 2,
  "input_dim": 4,
  "learning_rate": 0.1,
  "discount_factor": 0.99,
  "epsilon": 0.1,
  "q_table": {
    "C_C_M_M": {
      "0": 127.64346840538789,
      "1": 137.5575425930601
    },
    "C_C_H_M": {
      "0": 198.15254721583523,
      "1": 198.97717070875387
    },
    "D_C_H_M": {
      "0": 193.16027294967802,
      "1": 193.3921903178675
    },
    "C_D_H_M": {
      "0": 209.43963432950332,
      "1": 213.48326558389897
    },
    "D_D_M_M": {
      "0": 128.29751206798275,
      "1": 137.4539241632559
    },
    "D_D_H_M": {
      "0": 208.47313844044072,
      "1": 48.38304194355066
    },
    "C_D_M_M": {
      "0": 127.18569305925712,
      "1": 134.10541630636104
    },
    "D_C_M_M": {
      "0": 130.01470722867586,
      "1": 137.90926235901503
    },
    "D_D_L_M": {
      "0": 128.9112525035393,
      "1": 139.07775963770445
    },
    "C_D_L_M": {
      "0": 127.77856532306777,
      "1": 128.87907655151298
    },
    "C_C_L_M": {
      "0": 129.82568393838525,
      "1": 131.61500851851173
    },
    "D_C_L_M": {
      "0": 130.43060579876038,
      "1": 135.89837556997864
    }
  },
  "decision_matrix": {
    "cooperate": {
      "cooperate": 24183,
      "defect": 18707
    },
    "defect": {
      "cooperate": 18158,
      "defect": 38952
    }
  }
}