{
    "iptm+ptm": {
        "model_1_multimer": 0.8575258441249274,
        "model_2_multimer": 0.8628829782650272,
        "model_3_multimer": 0.8539178314204988,
        "model_4_multimer": 0.86501013796757,
        "model_5_multimer": 0.8572148537590971
    },
    "order": [
        "model_4_multimer",
        "model_2_multimer",
        "model_1_multimer",
        "model_5_multimer",
        "model_3_multimer"
    ]
}