{
  "Twilight Sparkle": 0.47457680106163025,
  "Rarity": 0.6802130341529846,
  "Fluttershy": 0.6168146729469299,
  "Rainbow Dash": 0.6312891840934753,
  "Pinkie Pie": 0.5192602276802063,
  "Applejack": 0.5416092276573181
}