{
  "agent_id": 3,
  "input_dim": 4,
  "learning_rate": 0.1,
  "discount_factor": 0.99,
  "epsilon": 0.1,
  "q_table": {
    "C_C_M_M": {
      "0": 129.62057564178969,
      "1": 129.1894114158264
    },
    "C_C_H_M": {
      "0": 186.18262084687936,
      "1": 179.99694953279638
    },
    "D_C_H_M": {
      "0": 199.01215210693087,
      "1": 198.57534910501897
    },
    "C_D_H_M": {
      "0": 209.73325653283192,
      "1": 210.15619121031685
    },
    "D_D_H_M": {
      "0": 207.3118126782091,
      "1": 86.07689769767273
    },
    "D_D_M_M": {
      "0": 128.64180027576236,
      "1": 129.59699568121852
    },
    "D_C_M_M": {
      "0": 130.429234316411,
      "1": 130.91211865567138
    },
    "C_D_M_M": {
      "0": 129.69424815451254,
      "1": 129.69332949155387
    },
    "C_D_L_M": {
      "0": 121.07749828211108,
      "1": 124.24208527322178
    },
    "D_D_L_M": {
      "0": 120.32936967470388,
      "1": 132.21639041180117
    },
    "C_C_L_M": {
      "0": 132.38378485347755,
      "1": 131.67380747325916
    },
    "D_C_L_M": {
      "0": 126.75714445245717,
      "1": 128.7507038560669
    }
  },
  "decision_matrix": {
    "cooperate": {
      "cooperate": 24323,
      "defect": 19541
    },
    "defect": {
      "cooperate": 18972,
      "defect": 37164
    }
  }
}