{
  "agent_id": 1,
  "input_dim": 4,
  "learning_rate": 0.1,
  "discount_factor": 0.99,
  "epsilon": 0.1,
  "q_table": {
    "C_C_M_M": {
      "0": 135.2514897153526,
      "1": 136.38007567363036
    },
    "C_C_H_M": {
      "0": 190.7135809810867,
      "1": 197.8577435922473
    },
    "D_C_H_M": {
      "0": 226.4195370355851,
      "1": 224.71054318846552
    },
    "D_D_H_M": {
      "0": 223.6802220791464,
      "1": 107.37018127447375
    },
    "C_D_H_M": {
      "0": 215.599947650656,
      "1": 158.92042028700936
    },
    "D_D_M_M": {
      "0": 133.76303452532434,
      "1": 134.01254063806402
    },
    "C_D_M_M": {
      "0": 134.15469205016967,
      "1": 134.71174534183717
    },
    "D_C_M_M": {
      "0": 136.32203273845258,
      "1": 136.39822684104882
    },
    "D_D_L_M": {
      "0": 123.80587390284663,
      "1": 135.84455747653465
    },
    "C_D_L_M": {
      "0": 124.3665872410368,
      "1": 134.29401650556864
    },
    "D_C_L_M": {
      "0": 132.33278502749474,
      "1": 132.79688650837355
    },
    "C_C_L_M": {
      "0": 137.46020846496188,
      "1": 137.20239383941475
    }
  },
  "decision_matrix": {
    "cooperate": {
      "cooperate": 16990,
      "defect": 21105
    },
    "defect": {
      "cooperate": 20476,
      "defect": 41429
    }
  }
}