{
  "agent_id": 9,
  "input_dim": 4,
  "learning_rate": 0.1,
  "discount_factor": 0.99,
  "epsilon": 0.1,
  "q_table": {
    "C_C_M_M": {
      "0": 136.38018145940637,
      "1": 143.21681292745836
    },
    "C_C_H_M": {
      "0": 191.28569629878533,
      "1": 191.93558075010665
    },
    "D_C_H_M": {
      "0": 191.61861578492775,
      "1": 203.5249424885126
    },
    "C_D_H_M": {
      "0": 204.16542277819457,
      "1": 208.10692293658803
    },
    "D_D_H_M": {
      "0": 52.194747409835685,
      "1": 208.38217308016704
    },
    "C_D_M_M": {
      "0": 135.01760440761188,
      "1": 140.27867533983007
    },
    "D_C_M_M": {
      "0": 137.6036504923492,
      "1": 147.34557998095005
    },
    "D_D_M_M": {
      "0": 137.3308992759424,
      "1": 139.96030277954176
    },
    "D_D_L_M": {
      "0": 138.7351504716148,
      "1": 133.74033093633935
    },
    "C_D_L_M": {
      "0": 132.60183151268922,
      "1": 137.34224052951043
    },
    "C_C_L_M": {
      "0": 138.87757605919592,
      "1": 139.82185680460998
    },
    "D_C_L_M": {
      "0": 137.16440784794435,
      "1": 138.78366330238308
    }
  },
  "decision_matrix": {
    "cooperate": {
      "cooperate": 24592,
      "defect": 17916
    },
    "defect": {
      "cooperate": 17350,
      "defect": 40142
    }
  }
}